dust,humidity,envtemp,air_quality_level
134.22,73.87,20.55,Moderate
333.0,62.53,31.26,Unhealthy
257.54,46.67,41.19,Unhealthy
211.54,81.97,36.97,Poor
58.83,72.93,39.2,Good
58.82,36.38,34.76,Good
25.04,88.76,35.77,Good
303.83,82.58,40.48,Unhealthy
212.38,91.49,22.49,Poor
249.29,75.8,29.68,Poor
12.1,67.94,21.64,Good
339.62,54.28,44.63,Unhealthy
292.19,90.29,43.32,Unhealthy
78.26,85.62,16.18,Moderate
67.73,28.17,36.17,Good
68.27,26.85,42.76,Moderate
109.96,51.35,20.42,Moderate
186.04,81.74,32.04,Poor
154.02,94.11,42.46,Poor
105.47,35.53,16.02,Moderate
216.09,66.59,35.92,Poor
53.13,51.66,23.92,Good
105.79,92.89,42.73,Moderate
131.39,83.95,44.13,Moderate
162.34,83.68,43.33,Poor
275.89,57.81,29.23,Unhealthy
73.89,54.04,40.86,Moderate
182.41,44.14,40.34,Poor
209.38,28.95,24.57,Poor
21.03,85.53,39.87,Good
214.6,81.9,16.11,Poor
63.83,94.98,32.89,Good
27.44,94.76,21.9,Good
332.37,63.88,18.62,Unhealthy
338.14,78.83,17.31,Unhealthy
283.9,91.13,35.89,Unhealthy
110.09,84.48,25.2,Moderate
38.7,42.31,36.74,Good
241.06,56.54,16.96,Poor
156.85,34.04,24.46,Moderate
47.1,91.78,31.18,Good
175.84,67.43,38.72,Poor
16.86,41.0,24.56,Good
318.72,72.02,33.78,Unhealthy
94.28,68.27,41.58,Moderate
233.57,50.07,33.48,Poor
112.54,32.95,21.99,Moderate
184.42,72.01,15.73,Poor
193.62,61.42,41.1,Poor
68.77,79.06,15.64,Good
339.51,61.41,41.24,Unhealthy
272.42,84.65,30.87,Unhealthy
329.13,63.63,43.17,Unhealthy
313.72,64.27,38.96,Unhealthy
211.28,86.37,44.94,Poor
323.05,53.24,25.52,Unhealthy
35.53,34.38,38.02,Good
72.61,27.01,27.06,Good
20.6,77.86,29.4,Good
117.24,68.42,33.83,Moderate
139.09,74.29,41.21,Moderate
98.62,39.91,44.52,Moderate
290.91,34.55,38.05,Unhealthy
128.08,26.02,27.53,Moderate
101.92,49.54,27.64,Moderate
192.23,66.29,37.13,Poor
53.62,52.46,22.16,Good
281.76,55.62,18.31,Unhealthy
30.72,88.29,25.64,Good
345.48,49.38,23.62,Unhealthy
271.42,60.98,23.89,Unhealthy
73.56,79.86,22.01,Good
6.91,52.76,16.26,Good
286.33,68.55,15.54,Unhealthy
248.87,85.37,44.63,Unhealthy
256.51,91.47,27.83,Unhealthy
271.09,35.3,26.53,Unhealthy
30.55,89.86,35.39,Good
128.67,59.45,21.55,Moderate
44.97,43.08,43.5,Good
302.77,57.14,38.59,Unhealthy
220.04,93.6,17.68,Poor
119.16,59.48,27.53,Moderate
26.93,48.01,41.37,Good
112.29,69.34,43.34,Moderate
117.19,41.81,29.02,Moderate
256.71,30.31,33.4,Unhealthy
224.96,34.02,20.01,Poor
311.09,33.96,44.74,Unhealthy
167.91,35.63,21.95,Poor
46.26,34.72,43.28,Good
251.07,69.86,34.49,Unhealthy
267.47,37.73,33.23,Unhealthy
198.64,49.2,30.38,Poor
270.98,87.78,21.92,Unhealthy
175.36,58.18,20.3,Poor
185.34,71.73,21.61,Poor
152.5,37.06,20.59,Moderate
13.77,38.46,38.39,Good
42.22,27.86,25.5,Good
15.84,36.83,16.74,Good
224.56,44.5,44.07,Poor
113.45,37.39,41.51,Moderate
180.46,31.21,42.83,Poor
318.11,33.44,44.85,Unhealthy
91.01,57.25,20.22,Moderate
146.58,39.44,26.89,Moderate
265.67,50.5,37.75,Unhealthy
83.94,60.24,35.88,Moderate
31.56,73.33,19.62,Good
104.96,27.75,39.47,Moderate
60.62,80.96,21.73,Good
325.75,68.95,21.71,Unhealthy
283.8,30.72,31.11,Unhealthy
223.52,86.15,32.79,Poor
305.65,89.46,32.4,Unhealthy
282.27,29.28,17.74,Unhealthy
69.37,44.38,41.32,Good
312.93,81.43,22.97,Unhealthy
191.07,77.38,18.89,Poor
283.57,37.92,41.66,Unhealthy
314.15,39.65,43.67,Unhealthy
114.71,50.93,40.86,Moderate
42.97,58.92,39.29,Good
83.64,68.28,34.66,Moderate
152.35,50.82,31.53,Moderate
287.22,57.38,17.61,Unhealthy
301.95,77.32,27.25,Unhealthy
7.4,27.57,26.18,Good
181.21,42.67,22.79,Poor
149.01,74.93,36.7,Moderate
81.63,87.66,29.88,Moderate
46.35,60.82,17.43,Good
121.48,62.25,21.61,Moderate
330.3,32.5,35.5,Unhealthy
116.51,56.32,17.28,Moderate
183.98,62.28,40.54,Poor
247.54,41.97,29.85,Poor
130.45,43.85,29.42,Moderate
340.26,51.41,32.77,Unhealthy
337.04,26.4,39.74,Unhealthy
91.86,47.55,25.43,Moderate
176.55,39.8,35.34,Poor
108.8,47.92,31.97,Moderate
103.27,33.38,23.01,Moderate
17.73,87.34,41.36,Good
215.3,66.55,38.92,Poor
178.42,72.54,34.75,Poor
22.76,80.24,40.52,Good
101.13,59.89,41.02,Moderate
318.35,31.08,36.25,Unhealthy
87.65,62.6,40.11,Moderate
54.99,66.08,35.92,Good
173.86,77.18,35.4,Poor
345.05,55.22,33.56,Unhealthy
88.51,33.93,37.58,Moderate
236.89,44.86,19.76,Poor
267.76,50.42,41.43,Unhealthy
86.98,70.21,41.16,Moderate
256.23,64.95,15.88,Unhealthy
131.89,49.93,39.77,Moderate
223.15,94.06,18.87,Poor
223.57,67.4,25.05,Poor
189.84,41.61,37.31,Poor
36.15,32.12,19.82,Good
293.18,35.7,39.54,Unhealthy
115.67,42.22,39.96,Moderate
69.35,36.25,30.22,Good
19.07,38.06,15.19,Good
208.86,44.96,23.61,Poor
238.76,37.14,33.51,Poor
10.72,87.77,44.44,Good
181.67,30.62,33.95,Poor
83.14,61.72,22.79,Moderate
227.58,53.73,34.02,Poor
65.16,93.77,31.2,Good
243.37,32.84,38.4,Poor
138.42,52.85,18.21,Moderate
328.17,92.86,37.83,Unhealthy
52.44,85.59,31.24,Good
122.67,82.2,43.89,Moderate
44.15,43.05,25.26,Good
324.02,36.96,33.98,Unhealthy
307.68,71.81,42.96,Unhealthy
93.99,90.06,18.08,Moderate
232.69,63.97,43.12,Poor
286.94,65.01,35.64,Unhealthy
196.54,44.6,17.04,Poor
187.73,78.86,24.03,Poor
88.44,38.09,36.25,Moderate
37.12,47.66,17.02,Good
314.54,54.78,32.47,Unhealthy
315.64,60.53,25.38,Unhealthy
223.42,41.97,33.63,Poor
121.97,33.04,16.37,Moderate
125.48,67.74,41.15,Moderate
255.45,45.2,44.2,Unhealthy
314.5,65.69,44.07,Unhealthy
311.04,35.81,37.49,Unhealthy
274.06,58.68,18.9,Unhealthy
226.5,62.28,37.75,Poor
34.03,28.63,15.74,Good
60.76,48.56,15.66,Good
315.0,34.41,24.71,Unhealthy
214.22,29.44,29.66,Poor
8.17,94.3,38.11,Good
40.01,47.56,35.5,Good
233.91,81.69,28.38,Poor
6.75,42.82,23.21,Good
60.48,72.71,44.91,Good
194.31,78.22,27.79,Poor
243.7,66.69,28.54,Poor
229.93,58.01,19.91,Poor
82.37,53.83,38.84,Moderate
250.7,49.42,35.81,Unhealthy
86.85,90.07,21.62,Moderate
117.26,83.14,17.47,Moderate
262.54,92.55,35.41,Unhealthy
229.12,33.7,34.64,Poor
297.98,76.16,23.2,Unhealthy
231.88,90.68,43.53,Poor
201.07,37.69,19.53,Poor
37.32,29.65,27.97,Good
131.86,76.88,43.31,Moderate
96.49,65.21,27.59,Moderate
89.18,83.93,34.16,Moderate
340.69,34.78,26.93,Unhealthy
140.62,80.67,23.23,Moderate
312.76,39.11,44.52,Unhealthy
222.74,36.46,27.28,Poor
279.21,36.5,41.82,Unhealthy
178.41,82.02,21.9,Poor
204.03,71.56,21.39,Poor
174.92,61.61,15.93,Poor
72.36,50.12,34.55,Good
254.25,86.4,26.06,Unhealthy
101.87,52.47,40.93,Moderate
13.39,82.16,29.2,Good
227.69,55.74,44.05,Poor
66.1,51.39,20.57,Good
329.46,57.39,41.06,Unhealthy
334.11,46.1,38.3,Unhealthy
320.63,77.33,38.13,Unhealthy
132.7,60.19,40.34,Moderate
10.33,41.25,37.83,Good
325.27,87.97,33.79,Unhealthy
152.72,51.87,18.94,Moderate
338.5,63.05,15.98,Unhealthy
337.45,88.45,42.63,Unhealthy
299.29,68.7,33.5,Unhealthy
106.58,33.18,38.9,Moderate
137.86,90.79,29.45,Moderate
298.64,68.94,18.52,Unhealthy
114.34,48.44,18.76,Moderate
63.47,34.75,35.57,Good
197.1,80.58,27.91,Poor
327.97,68.41,21.02,Unhealthy
245.13,62.34,29.75,Poor
201.67,87.57,16.93,Poor
38.53,80.2,32.46,Good
217.18,35.62,23.07,Poor
346.57,46.82,38.93,Unhealthy
53.33,42.39,24.31,Good
183.82,77.08,28.66,Poor
307.69,27.35,15.35,Unhealthy
260.57,64.89,17.17,Unhealthy
245.47,78.37,26.77,Poor
247.36,86.37,29.4,Unhealthy
129.02,48.95,33.0,Moderate
106.29,82.49,23.75,Moderate
284.23,32.74,35.85,Unhealthy
284.49,84.25,40.8,Unhealthy
304.14,33.92,38.4,Unhealthy
320.07,52.81,16.19,Unhealthy
181.41,80.81,29.42,Poor
178.02,35.49,18.15,Poor
280.41,41.05,22.26,Unhealthy
229.24,75.56,44.6,Poor
247.18,75.4,19.27,Poor
279.55,69.88,29.97,Unhealthy
312.05,73.58,33.54,Unhealthy
121.61,62.99,36.07,Moderate
134.58,42.63,31.79,Moderate
37.42,49.2,15.29,Good
204.51,37.71,24.79,Poor
17.4,88.59,30.53,Good
165.63,65.84,17.64,Poor
192.21,53.06,25.52,Poor
103.86,57.34,16.0,Moderate
208.84,91.31,17.36,Poor
15.52,35.73,26.91,Good
17.89,66.04,18.98,Good
288.8,60.41,32.03,Unhealthy
129.27,67.8,35.68,Moderate
48.84,26.27,39.02,Good
185.17,86.05,21.0,Poor
270.65,90.25,20.02,Unhealthy
79.46,64.56,18.14,Good
219.9,73.77,34.09,Poor
34.44,89.57,36.19,Good
22.83,74.51,15.95,Good
188.32,35.68,43.09,Poor
191.52,65.34,16.56,Poor
224.91,67.47,31.24,Poor
255.5,54.69,36.27,Unhealthy
341.67,76.55,41.13,Unhealthy
183.12,90.41,36.42,Poor
116.42,89.79,39.05,Moderate
279.34,56.56,25.18,Unhealthy
98.44,32.93,39.44,Moderate
156.45,93.94,17.4,Poor
32.07,83.72,41.84,Good
13.75,33.73,31.43,Good
337.11,89.46,39.52,Unhealthy
293.41,85.89,28.57,Unhealthy
245.11,61.32,34.31,Poor
146.09,66.39,30.79,Moderate
64.79,52.93,36.95,Good
58.97,28.83,17.45,Good
91.33,48.46,16.81,Moderate
194.48,81.2,22.41,Poor
251.54,25.32,19.79,Unhealthy
232.77,48.34,41.15,Poor
101.58,52.87,21.58,Moderate
334.43,62.62,44.28,Unhealthy
259.57,89.39,25.11,Unhealthy
196.25,49.24,20.46,Poor
216.04,49.29,38.69,Poor
149.76,76.63,34.76,Moderate
90.47,56.66,29.95,Moderate
127.81,40.72,31.66,Moderate
266.46,56.67,36.58,Unhealthy
9.97,34.86,21.85,Good
45.05,37.35,44.89,Good
20.87,59.89,44.24,Good
19.05,54.32,34.51,Good
300.13,89.04,20.99,Unhealthy
247.76,50.37,35.41,Poor
168.59,65.64,17.17,Poor
38.75,69.26,15.92,Good
174.61,25.92,22.73,Poor
168.35,71.45,28.88,Poor
64.75,37.46,41.05,Good
154.68,92.27,36.82,Poor
142.48,35.41,37.28,Moderate
217.47,54.02,27.76,Poor
224.11,30.97,25.38,Poor
20.63,94.78,26.13,Good
134.24,60.15,44.63,Moderate
220.92,66.68,16.2,Poor
178.58,29.7,41.01,Poor
300.49,77.5,32.36,Unhealthy
232.25,39.69,28.16,Poor
61.21,87.86,36.76,Good
29.35,39.36,29.6,Good
226.63,38.35,41.2,Poor
14.15,27.56,42.02,Good
207.09,58.04,27.65,Poor
329.38,64.54,23.3,Unhealthy
203.54,29.6,32.77,Poor
138.92,79.29,42.37,Moderate
226.93,56.73,21.32,Poor
163.1,61.71,33.69,Poor
193.24,55.85,33.95,Poor
329.81,53.05,36.99,Unhealthy
138.21,64.17,18.95,Moderate
336.61,35.87,36.47,Unhealthy
317.35,37.73,42.27,Unhealthy
72.55,85.32,20.39,Moderate
28.93,91.23,22.13,Good
39.77,51.13,44.14,Good
11.29,43.95,20.43,Good
37.58,70.08,40.63,Good
240.64,53.61,29.77,Poor
29.56,26.78,22.42,Good
115.05,35.93,41.12,Moderate
296.48,75.12,28.36,Unhealthy
13.03,71.12,30.44,Good
285.99,26.9,25.78,Unhealthy
102.24,40.54,32.79,Moderate
45.77,41.18,19.91,Good
245.37,72.03,26.73,Poor
221.99,26.38,44.08,Poor
307.73,32.29,22.74,Unhealthy
258.6,80.99,34.7,Unhealthy
282.2,37.5,24.76,Unhealthy
102.3,70.69,38.2,Moderate
66.22,41.67,18.93,Good
263.96,31.96,44.09,Unhealthy
283.36,42.02,28.61,Unhealthy
346.72,75.56,22.08,Unhealthy
147.35,84.9,17.2,Moderate
133.35,83.12,20.09,Moderate
272.86,52.8,30.59,Unhealthy
122.58,71.77,25.11,Moderate
326.11,39.35,39.87,Unhealthy
301.15,45.52,27.93,Unhealthy
153.0,87.74,22.46,Poor
264.05,25.91,33.51,Unhealthy
265.32,30.99,36.2,Unhealthy
40.58,39.55,20.01,Good
316.38,26.86,20.03,Unhealthy
179.31,37.7,16.1,Poor
290.13,65.81,37.09,Unhealthy
115.42,54.5,34.91,Moderate
313.96,87.49,29.24,Unhealthy
139.27,82.22,40.33,Moderate
8.74,48.93,39.17,Good
317.36,43.16,32.56,Unhealthy
36.49,51.58,41.05,Good
115.16,66.32,21.18,Moderate
332.77,43.76,18.36,Unhealthy
332.96,68.69,23.09,Unhealthy
202.84,53.66,16.71,Poor
222.98,63.64,30.94,Poor
159.71,55.53,43.1,Poor
106.16,45.61,16.18,Moderate
118.39,91.39,18.66,Moderate
237.02,78.45,28.57,Poor
264.57,34.81,43.02,Unhealthy
278.09,85.79,24.48,Unhealthy
277.42,59.12,30.22,Unhealthy
36.47,87.62,16.25,Good
175.58,80.99,19.45,Poor
24.86,54.76,44.6,Good
194.59,26.57,43.95,Poor
157.33,43.81,15.15,Moderate
311.26,62.91,43.55,Unhealthy
126.07,69.34,34.17,Moderate
45.39,43.05,41.04,Good
54.33,34.75,28.64,Good
267.72,83.45,30.47,Unhealthy
218.29,93.91,29.67,Poor
39.89,61.8,35.01,Good
34.02,37.02,19.19,Good
246.83,44.06,15.9,Poor
30.1,26.29,24.24,Good
288.54,89.0,36.14,Unhealthy
248.65,33.24,21.06,Poor
33.07,65.36,35.2,Good
34.27,44.18,44.1,Good
345.39,63.79,17.82,Unhealthy
134.12,70.6,35.18,Moderate
132.87,83.08,28.31,Moderate
285.42,39.45,41.04,Unhealthy
331.8,25.77,20.31,Unhealthy
345.17,34.58,35.78,Unhealthy
264.92,88.0,40.14,Unhealthy
134.81,86.17,43.34,Moderate
33.81,66.82,35.5,Good
273.12,67.04,29.92,Unhealthy
197.65,71.55,33.54,Poor
151.36,37.28,41.07,Moderate
317.69,89.01,32.12,Unhealthy
43.36,54.31,15.91,Good
174.96,51.82,42.93,Poor
8.92,61.32,35.69,Good
166.69,28.29,35.3,Poor
24.42,36.64,21.47,Good
45.99,76.66,34.77,Good
45.55,30.8,26.82,Good
228.98,67.22,34.54,Poor
262.39,42.17,18.2,Unhealthy
206.26,52.25,34.74,Poor
336.95,45.21,44.98,Unhealthy
134.33,49.9,16.45,Moderate
103.57,75.33,44.32,Moderate
304.67,45.8,27.21,Unhealthy
82.14,64.65,41.12,Moderate
337.31,58.32,38.47,Unhealthy
9.19,71.46,32.01,Good
339.61,90.58,37.15,Unhealthy
19.89,76.28,41.36,Good
312.44,40.05,27.12,Unhealthy
187.06,27.18,24.81,Poor
347.57,43.36,35.03,Unhealthy
30.46,66.66,39.24,Good
196.08,28.6,37.87,Poor
339.41,59.75,38.93,Unhealthy
185.47,66.78,28.07,Poor
222.14,48.4,39.54,Poor
245.03,78.96,18.61,Poor
161.82,32.46,31.33,Poor
221.51,30.26,15.17,Poor
206.59,75.97,24.74,Poor
315.9,59.68,25.99,Unhealthy
20.68,73.19,26.89,Good
101.93,55.44,35.86,Moderate
332.89,42.25,26.66,Unhealthy
312.14,82.34,28.46,Unhealthy
162.2,80.96,22.13,Poor
218.95,73.63,26.2,Poor
100.7,44.05,21.82,Moderate
69.9,66.32,17.2,Good
164.98,50.27,33.1,Poor
126.91,31.41,35.05,Moderate
206.36,89.21,33.58,Poor
31.82,34.58,28.9,Good
341.17,91.52,26.39,Unhealthy
345.24,56.22,40.9,Unhealthy
